image_link,group_id,entity_name,entity_value
https://m.media-amazon.com/images/I/71d+dz7ogkL.jpg,150913,maximum_weight_recommendation,15 kilogram
https://m.media-amazon.com/images/I/71k0T1lkazL.jpg,801829,maximum_weight_recommendation,350 pound
https://m.media-amazon.com/images/I/81OX3LrynvL.jpg,801829,maximum_weight_recommendation,120 kilogram
https://m.media-amazon.com/images/I/71kKyflqh-L.jpg,178958,maximum_weight_recommendation,7 kilogram
https://m.media-amazon.com/images/I/71Yl8r0WgHL.jpg,120219,maximum_weight_recommendation,NA
https://m.media-amazon.com/images/I/81xqMNmhEpL.jpg,446789,maximum_weight_recommendation,300 kilogram
https://m.media-amazon.com/images/I/7104ARm7I-L.jpg,801829,maximum_weight_recommendation,440.0 pound
https://m.media-amazon.com/images/I/61L4wjI4YEL.jpg,120219,maximum_weight_recommendation,NA
https://m.media-amazon.com/images/I/71ubk42imPL.jpg,969033,maximum_weight_recommendation,15 pound
https://m.media-amazon.com/images/I/7127o10t9tL.jpg,801829,maximum_weight_recommendation,250 pound
https://m.media-amazon.com/images/I/71hQMF-ovpL.jpg,204245,maximum_weight_recommendation,25 kilogram
https://m.media-amazon.com/images/I/818hmVQLFPL.jpg,120219,maximum_weight_recommendation,NA
https://m.media-amazon.com/images/I/714uk8k9G-L.jpg,801829,maximum_weight_recommendation,20 kilogram
https://m.media-amazon.com/images/I/612Pfj34ezL.jpg,751532,maximum_weight_recommendation,100 kilogram
https://m.media-amazon.com/images/I/719eCXnYG8L.jpg,204245,maximum_weight_recommendation,240 kilogram
https://m.media-amazon.com/images/I/71VtVp8FCxL.jpg,801829,maximum_weight_recommendation,270 pound
https://m.media-amazon.com/images/I/4106TRNhGwL.jpg,488883,maximum_weight_recommendation,285 pound
https://m.media-amazon.com/images/I/61bh39XwruL.jpg,120219,maximum_weight_recommendation,65.0 ton
https://m.media-amazon.com/images/I/61jL314WH-L.jpg,933453,maximum_weight_recommendation,25 kilogram
https://m.media-amazon.com/images/I/61tbe7Mv9gL.jpg,933453,maximum_weight_recommendation,10 kilogram to 25 kilogram
https://m.media-amazon.com/images/I/61ZCwCtSyYL.jpg,969033,maximum_weight_recommendation,10 kilogram
https://m.media-amazon.com/images/I/716Grew8-dL.jpg,120219,maximum_weight_recommendation,60.0 pound
https://m.media-amazon.com/images/I/71o3cW3xP1L.jpg,204245,maximum_weight_recommendation,110 pound
https://m.media-amazon.com/images/I/71SF8GiKoWL.jpg,801829,maximum_weight_recommendation,100 kilogram
https://m.media-amazon.com/images/I/71ppBZY0zEL.jpg,801829,maximum_weight_recommendation,2.2 kilogram
https://m.media-amazon.com/images/I/81yHvneIdQL.jpg,120219,maximum_weight_recommendation,NA
https://m.media-amazon.com/images/I/814tTe50zIL.jpg,751532,maximum_weight_recommendation,860 pound
https://m.media-amazon.com/images/I/41hERh6+QSL.jpg,918474,maximum_weight_recommendation,100 kilogram
https://m.media-amazon.com/images/I/71p9NT6S+oL.jpg,918474,maximum_weight_recommendation,100 kilogram
https://m.media-amazon.com/images/I/71C1RWK1rjL.jpg,120219,maximum_weight_recommendation,NA
https://m.media-amazon.com/images/I/81hBY4J5F3L.jpg,446789,maximum_weight_recommendation,300 kilogram
https://m.media-amazon.com/images/I/61bfNk2pvbL.jpg,120219,maximum_weight_recommendation,NA
https://m.media-amazon.com/images/I/61vmYDOez4L.jpg,120219,maximum_weight_recommendation,0.15 kilogram
https://m.media-amazon.com/images/I/81ifC+wDasL.jpg,933453,maximum_weight_recommendation,36 kilogram
https://m.media-amazon.com/images/I/71QS1q8LeOL.jpg,150913,maximum_weight_recommendation,50 kilogram
https://m.media-amazon.com/images/I/81EjieCoRQL.jpg,969033,maximum_weight_recommendation,2 kilogram
https://m.media-amazon.com/images/I/81+Y9iExgnL.jpg,918474,maximum_weight_recommendation,400 pound
https://m.media-amazon.com/images/I/61pBhQiHhyL.jpg,969033,maximum_weight_recommendation,150 pound
https://m.media-amazon.com/images/I/61oc9DBBrKL.jpg,156839,maximum_weight_recommendation,60 kilogram
https://m.media-amazon.com/images/I/715NEyBLKUL.jpg,156839,maximum_weight_recommendation,30 kilogram
https://m.media-amazon.com/images/I/71nRp1HayAL.jpg,120219,maximum_weight_recommendation,60 kilogram
https://m.media-amazon.com/images/I/71gvWCSRWxL.jpg,221399,maximum_weight_recommendation,600 pound
https://m.media-amazon.com/images/I/81p1waR0IkL.jpg,221399,maximum_weight_recommendation,600 pound
https://m.media-amazon.com/images/I/61abRXOW+FS.jpg,801829,maximum_weight_recommendation,130 kilogram
https://m.media-amazon.com/images/I/71j3rBPck-L.jpg,120219,maximum_weight_recommendation,20.0 ounce
https://m.media-amazon.com/images/I/61+fCedEefL.jpg,120219,maximum_weight_recommendation,NA
https://m.media-amazon.com/images/I/71fjsji87wL.jpg,969033,maximum_weight_recommendation,60 pound
https://m.media-amazon.com/images/I/71Zqu9hPSfL.jpg,120219,maximum_weight_recommendation,NA
https://m.media-amazon.com/images/I/71mSwkMuB3L.jpg,801829,maximum_weight_recommendation,135 kilogram
https://m.media-amazon.com/images/I/61sve5sPg8L.jpg,801829,maximum_weight_recommendation,298 pound
https://m.media-amazon.com/images/I/619Gugue9oS.jpg,120219,maximum_weight_recommendation,NA
https://m.media-amazon.com/images/I/61yL6Soti5L.jpg,969033,maximum_weight_recommendation,45 kilogram
https://m.media-amazon.com/images/I/61RskHhF+tL.jpg,204245,maximum_weight_recommendation,150 kilogram
https://m.media-amazon.com/images/I/71EHcFDPAvL.jpg,156839,maximum_weight_recommendation,15 kilogram
https://m.media-amazon.com/images/I/71-R3GQDmFL.jpg,801829,maximum_weight_recommendation,330 pound
https://m.media-amazon.com/images/I/71eLz0beioL.jpg,446789,maximum_weight_recommendation,300 kilogram
https://m.media-amazon.com/images/I/71nBqc06+RL.jpg,488883,maximum_weight_recommendation,350 pound
https://m.media-amazon.com/images/I/61rN2FsbrgL.jpg,801829,maximum_weight_recommendation,120 kilogram
https://m.media-amazon.com/images/I/61O2eMiggoL.jpg,969033,maximum_weight_recommendation,10 pound
https://m.media-amazon.com/images/I/51Oq68aVEOL.jpg,801829,maximum_weight_recommendation,300 kilogram
https://m.media-amazon.com/images/I/81sXlYgHfcL.jpg,969033,maximum_weight_recommendation,NA
https://m.media-amazon.com/images/I/81MfKw4NreL.jpg,751532,maximum_weight_recommendation,150 kilogram
https://m.media-amazon.com/images/I/41yLwLQ8yaL.jpg,446789,maximum_weight_recommendation,254 kilogram
https://m.media-amazon.com/images/I/71u6mrYWFTL.jpg,969033,maximum_weight_recommendation,70 kilogram
https://m.media-amazon.com/images/I/617j3WcL35L.jpg,204245,maximum_weight_recommendation,120 kilogram
https://m.media-amazon.com/images/I/71xqY2kRvjL.jpg,120219,maximum_weight_recommendation,NA
https://m.media-amazon.com/images/I/71MFehsj-nL.jpg,801829,maximum_weight_recommendation,800 pound
https://m.media-amazon.com/images/I/71WX5-l87nS.jpg,918474,maximum_weight_recommendation,120 kilogram
https://m.media-amazon.com/images/I/71hPR5T5htL.jpg,446789,maximum_weight_recommendation,183 pound
https://m.media-amazon.com/images/I/71gdwPiW4+L.jpg,120219,maximum_weight_recommendation,NA
https://m.media-amazon.com/images/I/71B2C8bqKIL.jpg,156839,maximum_weight_recommendation,44 pound
https://m.media-amazon.com/images/I/61-mow6lBbL.jpg,801829,maximum_weight_recommendation,1250 kilogram
https://m.media-amazon.com/images/I/71hK47mi9ML.jpg,801829,maximum_weight_recommendation,160.0 kilogram
https://m.media-amazon.com/images/I/81LXbyuP+dL.jpg,204245,maximum_weight_recommendation,80 kilogram
https://m.media-amazon.com/images/I/71vyrvYPNAL.jpg,120219,maximum_weight_recommendation,40.0 pound
https://m.media-amazon.com/images/I/A1FDSIL9ChL.jpg,120219,maximum_weight_recommendation,5.0 kilogram
https://m.media-amazon.com/images/I/61zeCqP6i5L.jpg,171418,maximum_weight_recommendation,10 kilogram
https://m.media-amazon.com/images/I/61R0O4jKCdL.jpg,120219,maximum_weight_recommendation,NA
https://m.media-amazon.com/images/I/71vKx5hvEHS.jpg,221399,maximum_weight_recommendation,200 kilogram
https://m.media-amazon.com/images/I/81DYSOL5BrL.jpg,221399,maximum_weight_recommendation,500 kilogram
https://m.media-amazon.com/images/I/71UyLAS7vWL.jpg,969033,maximum_weight_recommendation,30 kilogram
https://m.media-amazon.com/images/I/61EpuJHS6qL.jpg,488883,maximum_weight_recommendation,300 kilogram
https://m.media-amazon.com/images/I/41HkIc1b-pL.jpg,801829,maximum_weight_recommendation,8.53 pound
https://m.media-amazon.com/images/I/61NjF2D9iWL.jpg,969033,maximum_weight_recommendation,50 kilogram
https://m.media-amazon.com/images/I/81a7K9Z4Q8L.jpg,969033,maximum_weight_recommendation,22 kilogram
https://m.media-amazon.com/images/I/81NW+Q8gjiL.jpg,969033,maximum_weight_recommendation,22 kilogram
https://m.media-amazon.com/images/I/61kUyi-O7KS.jpg,178958,maximum_weight_recommendation,10 pound
https://m.media-amazon.com/images/I/71IrNWEtLVL.jpg,120219,maximum_weight_recommendation,30.0 pound
https://m.media-amazon.com/images/I/813gQdsOn3L.jpg,918474,maximum_weight_recommendation,50 kilogram
https://m.media-amazon.com/images/I/71SpIH8JqxL.jpg,801829,maximum_weight_recommendation,350 pound
https://m.media-amazon.com/images/I/61opmw27trS.jpg,611510,maximum_weight_recommendation,100 kilogram
https://m.media-amazon.com/images/I/61kx6oNAXZL.jpg,120219,maximum_weight_recommendation,NA
https://m.media-amazon.com/images/I/71fScHtHRZL.jpg,120219,maximum_weight_recommendation,NA
https://m.media-amazon.com/images/I/81o9oWpWPcL.jpg,801829,maximum_weight_recommendation,100.0 kilogram
https://m.media-amazon.com/images/I/61JpsSJhJoL.jpg,120219,maximum_weight_recommendation,NA
https://m.media-amazon.com/images/I/719Biw4NRKL.jpg,969033,maximum_weight_recommendation,64 pound
https://m.media-amazon.com/images/I/61kSMscCDuS.jpg,221399,maximum_weight_recommendation,100 kilogram
https://m.media-amazon.com/images/I/61GHVXwGhSL.jpg,488883,maximum_weight_recommendation,350 pound
https://m.media-amazon.com/images/I/618KZUDJoLL.jpg,801829,maximum_weight_recommendation,150 kilogram
https://m.media-amazon.com/images/I/91eJFMD02US.jpg,801829,maximum_weight_recommendation,135 kilogram
https://m.media-amazon.com/images/I/91Ih7dEj22L.jpg,658003,maximum_weight_recommendation,NA
https://m.media-amazon.com/images/I/711kShV-XoL.jpg,120219,maximum_weight_recommendation,5.0 kilogram
https://m.media-amazon.com/images/I/61NxwBiYV-L.jpg,120219,maximum_weight_recommendation,NA
https://m.media-amazon.com/images/I/71odc3RzkjL.jpg,801829,maximum_weight_recommendation,130 kilogram
https://m.media-amazon.com/images/I/81dhyYo0KyL.jpg,801829,maximum_weight_recommendation,120 kilogram
https://m.media-amazon.com/images/I/61b7cn3p65L.jpg,801829,maximum_weight_recommendation,120 kilogram
https://m.media-amazon.com/images/I/71cLkA65ljL.jpg,801829,maximum_weight_recommendation,400.0 pound
https://m.media-amazon.com/images/I/71F+tntzeXL.jpg,801829,maximum_weight_recommendation,400.0 pound
https://m.media-amazon.com/images/I/81xVo25Dk-L.jpg,488883,maximum_weight_recommendation,660 pound
https://m.media-amazon.com/images/I/61YCv0Ol4eL.jpg,120219,maximum_weight_recommendation,NA
https://m.media-amazon.com/images/I/81Z8j1bPkGL.jpg,446789,maximum_weight_recommendation,250 kilogram
https://m.media-amazon.com/images/I/61n57lLeY+L.jpg,462757,maximum_weight_recommendation,90 kilogram
https://m.media-amazon.com/images/I/61fzCvg8TjL.jpg,221399,maximum_weight_recommendation,200 kilogram
https://m.media-amazon.com/images/I/71zemSR2RZL.jpg,156839,maximum_weight_recommendation,44 pound
https://m.media-amazon.com/images/I/71on9ZVysEL.jpg,120219,maximum_weight_recommendation,2.0 pound
https://m.media-amazon.com/images/I/71-hSa4wLcL.jpg,969033,maximum_weight_recommendation,50 kilogram
https://m.media-amazon.com/images/I/51QSjEffs1L.jpg,120219,maximum_weight_recommendation,NA
https://m.media-amazon.com/images/I/71+MxLBySiL.jpg,969033,maximum_weight_recommendation,95 pound
https://m.media-amazon.com/images/I/61mSr+74OYL.jpg,801829,maximum_weight_recommendation,250.0 pound
https://m.media-amazon.com/images/I/61glWugk3kL.jpg,969033,maximum_weight_recommendation,20.5 kilogram
https://m.media-amazon.com/images/I/61RpC9UZJTL.jpg,801829,maximum_weight_recommendation,13 kilogram
https://m.media-amazon.com/images/I/71i5elMA35L.jpg,969033,maximum_weight_recommendation,20 kilogram
https://m.media-amazon.com/images/I/71P5UyH6q7L.jpg,120219,maximum_weight_recommendation,0.22 kilogram
https://m.media-amazon.com/images/I/61sZAemlxgL.jpg,120219,maximum_weight_recommendation,10.0 kilogram
https://m.media-amazon.com/images/I/81plVeuixeL.jpg,120219,maximum_weight_recommendation,NA
https://m.media-amazon.com/images/I/714lmON1iRL.jpg,969033,maximum_weight_recommendation,15 kilogram
https://m.media-amazon.com/images/I/71wjlfOp-YL.jpg,801829,maximum_weight_recommendation,100 kilogram
https://m.media-amazon.com/images/I/51EVXve+sZL.jpg,156839,maximum_weight_recommendation,400.0 gram
https://m.media-amazon.com/images/I/71AsXzAZTlL.jpg,120219,maximum_weight_recommendation,NA
https://m.media-amazon.com/images/I/61VatRzHVgL.jpg,611510,maximum_weight_recommendation,300.0 pound
https://m.media-amazon.com/images/I/71uyOFt5hjL.jpg,704724,maximum_weight_recommendation,6 kilogram
https://m.media-amazon.com/images/I/71vdZo70NyL.jpg,120219,maximum_weight_recommendation,NA
https://m.media-amazon.com/images/I/71v6YGo34qL.jpg,120219,maximum_weight_recommendation,NA
https://m.media-amazon.com/images/I/715axvpLOwL.jpg,150913,maximum_weight_recommendation,8.9 kilogram
https://m.media-amazon.com/images/I/71J8+lHwFmL.jpg,611510,maximum_weight_recommendation,350 pound
https://m.media-amazon.com/images/I/71+330ZYUoL.jpg,120219,maximum_weight_recommendation,15.0 kilogram
https://m.media-amazon.com/images/I/61eXL2IBbRL.jpg,120219,maximum_weight_recommendation,1.7 ounce
https://m.media-amazon.com/images/I/81dI0xiPF5L.jpg,918474,maximum_weight_recommendation,117.4 gram
https://m.media-amazon.com/images/I/81VK53EyX6L.jpg,918474,maximum_weight_recommendation,150 kilogram
https://m.media-amazon.com/images/I/61r13ptQSWL.jpg,120219,maximum_weight_recommendation,NA
https://m.media-amazon.com/images/I/81amXIlObEL.jpg,120219,maximum_weight_recommendation,NA
https://m.media-amazon.com/images/I/81z1WGMynEL.jpg,611510,maximum_weight_recommendation,150 kilogram
https://m.media-amazon.com/images/I/61mBbO36fjS.jpg,221399,maximum_weight_recommendation,120 kilogram
https://m.media-amazon.com/images/I/61-OOEiqhwL.jpg,801829,maximum_weight_recommendation,150 kilogram
https://m.media-amazon.com/images/I/71OxJbhpj8L.jpg,801829,maximum_weight_recommendation,100 kilogram
https://m.media-amazon.com/images/I/81aVhKc6kpL.jpg,801829,maximum_weight_recommendation,100 kilogram
https://m.media-amazon.com/images/I/51l1jp3WpJL.jpg,462757,maximum_weight_recommendation,110 kilogram
https://m.media-amazon.com/images/I/51c6xwcEu0L.jpg,462757,maximum_weight_recommendation,110 kilogram
https://m.media-amazon.com/images/I/61wsOUh7z5L.jpg,120219,maximum_weight_recommendation,3.0 kilogram
https://m.media-amazon.com/images/I/81UIZVf2cDL.jpg,120219,maximum_weight_recommendation,6.1 pound
https://m.media-amazon.com/images/I/71bgVFtY9HL.jpg,801829,maximum_weight_recommendation,275 pound
https://m.media-amazon.com/images/I/71z-uUVyz3L.jpg,488883,maximum_weight_recommendation,500.0 pound
https://m.media-amazon.com/images/I/61yNsKIa5+L.jpg,204245,maximum_weight_recommendation,200 kilogram
https://m.media-amazon.com/images/I/61ahq358E4S.jpg,156839,maximum_weight_recommendation,400 gram
https://m.media-amazon.com/images/I/717Ri-Y4fPL.jpg,120219,maximum_weight_recommendation,1680.0 gram
https://m.media-amazon.com/images/I/61MpQfxN7UL.jpg,462757,maximum_weight_recommendation,90 kilogram
https://m.media-amazon.com/images/I/61DMLEmCSJL.jpg,221399,maximum_weight_recommendation,120 kilogram
https://m.media-amazon.com/images/I/91G1f2EoCWL.jpg,751532,maximum_weight_recommendation,350 kilogram
https://m.media-amazon.com/images/I/81Fdv7cgfEL.jpg,178958,maximum_weight_recommendation,150 pound
https://m.media-amazon.com/images/I/719e1m31XtL.jpg,488883,maximum_weight_recommendation,300 pound
https://m.media-amazon.com/images/I/71wIcvslOkL.jpg,120219,maximum_weight_recommendation,NA
https://m.media-amazon.com/images/I/71oaGxoCiWL.jpg,120219,maximum_weight_recommendation,40.0 pound
https://m.media-amazon.com/images/I/719lbx+c2XL.jpg,120219,maximum_weight_recommendation,16.0 kilogram
https://m.media-amazon.com/images/I/71nrba8WA1L.jpg,120219,maximum_weight_recommendation,16.0 kilogram
https://m.media-amazon.com/images/I/71eahedBBOL.jpg,801829,maximum_weight_recommendation,330 pound
https://m.media-amazon.com/images/I/511v2PmulxL.jpg,611510,maximum_weight_recommendation,100 kilogram
https://m.media-amazon.com/images/I/71JjDItd4fL.jpg,120219,maximum_weight_recommendation,NA
https://m.media-amazon.com/images/I/51K61C3MvrL.jpg,611510,maximum_weight_recommendation,13.4 kilogram
https://m.media-amazon.com/images/I/61YT1fN0CcL.jpg,488883,maximum_weight_recommendation,500.0 pound
https://m.media-amazon.com/images/I/51koXJPZvPL.jpg,221399,maximum_weight_recommendation,NA
https://m.media-amazon.com/images/I/51lwL3duaTL.jpg,221399,maximum_weight_recommendation,200 kilogram
https://m.media-amazon.com/images/I/711JFGDvo-L.jpg,969033,maximum_weight_recommendation,85.0 pound
https://m.media-amazon.com/images/I/71tRt6S+0gL.jpg,801829,maximum_weight_recommendation,350.0 pound
https://m.media-amazon.com/images/I/61lRVyWN8KL.jpg,120219,maximum_weight_recommendation,20.0 pound
https://m.media-amazon.com/images/I/81W6EOw0HOL.jpg,120219,maximum_weight_recommendation,15 pound
https://m.media-amazon.com/images/I/61jn1d30aKL.jpg,969033,maximum_weight_recommendation,30 pound
https://m.media-amazon.com/images/I/61+CDRSRSrL.jpg,801829,maximum_weight_recommendation,330.0 pound
https://m.media-amazon.com/images/I/71v+F+jTxWL.jpg,120219,maximum_weight_recommendation,NA
https://m.media-amazon.com/images/I/71fivTIbtbL.jpg,120219,maximum_weight_recommendation,10.0 kilogram
https://m.media-amazon.com/images/I/71EENqI8pWL.jpg,120219,maximum_weight_recommendation,170.0 gram
https://m.media-amazon.com/images/I/71Xmud+kfPL.jpg,801829,maximum_weight_recommendation,100 kilogram
https://m.media-amazon.com/images/I/71bv9nhpefL.jpg,801829,maximum_weight_recommendation,300 pound
https://m.media-amazon.com/images/I/71RmEGR2K-L.jpg,801829,maximum_weight_recommendation,150 kilogram
https://m.media-amazon.com/images/I/61lrhw5i2LL.jpg,969033,maximum_weight_recommendation,18 kilogram
https://m.media-amazon.com/images/I/81Q34EWqXiL.jpg,969033,maximum_weight_recommendation,71.7 pound
https://m.media-amazon.com/images/I/81WUeJPOMGL.jpg,156839,maximum_weight_recommendation,25.0 pound
https://m.media-amazon.com/images/I/81bc8Sl+K3L.jpg,462757,maximum_weight_recommendation,90 kilogram
https://m.media-amazon.com/images/I/81A2G4I0N8L.jpg,120219,maximum_weight_recommendation,339.21 gram
https://m.media-amazon.com/images/I/81cJR8-swYL.jpg,120219,maximum_weight_recommendation,80.0 gram
https://m.media-amazon.com/images/I/71qrT3U2IKL.jpg,488883,maximum_weight_recommendation,300 pound
https://m.media-amazon.com/images/I/71doCJvLo8L.jpg,969033,maximum_weight_recommendation,6.8 kilogram
https://m.media-amazon.com/images/I/71cuB4l3M7S.jpg,120219,maximum_weight_recommendation,200.0 ton
https://m.media-amazon.com/images/I/71rE-ajo7QL.jpg,120219,maximum_weight_recommendation,40.0 pound
https://m.media-amazon.com/images/I/71ylj79eaaL.jpg,120219,maximum_weight_recommendation,40.0 pound
https://m.media-amazon.com/images/I/91Nn8RU-P5L.jpg,221399,maximum_weight_recommendation,150.0 kilogram
https://m.media-amazon.com/images/I/814eCfzjo1L.jpg,488883,maximum_weight_recommendation,250 pound
https://m.media-amazon.com/images/I/51EaHBy-ZeL.jpg,801829,maximum_weight_recommendation,125 kilogram
https://m.media-amazon.com/images/I/61gZ4cQ8TLL.jpg,969033,maximum_weight_recommendation,10 pound
https://m.media-amazon.com/images/I/8148hLZEOfL.jpg,204245,maximum_weight_recommendation,50 kilogram
https://m.media-amazon.com/images/I/91-THgLKh+L.jpg,204245,maximum_weight_recommendation,50 kilogram
https://m.media-amazon.com/images/I/81xIqRh5bzL.jpg,204245,maximum_weight_recommendation,50 kilogram
https://m.media-amazon.com/images/I/81qzpEgIqzL.jpg,204245,maximum_weight_recommendation,50 kilogram
https://m.media-amazon.com/images/I/61SiYxKWyGL.jpg,704724,maximum_weight_recommendation,120 kilogram
https://m.media-amazon.com/images/I/71kgM9Vb32L.jpg,611510,maximum_weight_recommendation,100 kilogram
https://m.media-amazon.com/images/I/61UBC1df6CL.jpg,969033,maximum_weight_recommendation,110 pound
https://m.media-amazon.com/images/I/51pGYmGjBGL.jpg,969033,maximum_weight_recommendation,15 pound
https://m.media-amazon.com/images/I/71h751SXDNL.jpg,120219,maximum_weight_recommendation,1.7 ounce
https://m.media-amazon.com/images/I/71ZzV3RLUOL.jpg,801829,maximum_weight_recommendation,400 pound
https://m.media-amazon.com/images/I/71-waVpibgL.jpg,801829,maximum_weight_recommendation,110.0 kilogram
https://m.media-amazon.com/images/I/71l+rwfKZpL.jpg,801829,maximum_weight_recommendation,400 pound
https://m.media-amazon.com/images/I/61mU+nuC7xL.jpg,488883,maximum_weight_recommendation,350 pound
https://m.media-amazon.com/images/I/618hSY4ZldS.jpg,221399,maximum_weight_recommendation,200 kilogram
https://m.media-amazon.com/images/I/71NMjzIBweL.jpg,120219,maximum_weight_recommendation,2.0 ton
https://m.media-amazon.com/images/I/71RPcnIx6JL.jpg,969033,maximum_weight_recommendation,20.0 kilogram
https://m.media-amazon.com/images/I/81KYlmlfoiL.jpg,933453,maximum_weight_recommendation,10 kilogram
https://m.media-amazon.com/images/I/81xLd5V+sXL.jpg,120219,maximum_weight_recommendation,20.0 gram
https://m.media-amazon.com/images/I/819lnoyU-pL.jpg,120219,maximum_weight_recommendation,18.0 kilogram
https://m.media-amazon.com/images/I/81SR-9OwiUL.jpg,446789,maximum_weight_recommendation,350 kilogram
https://m.media-amazon.com/images/I/81z96XyKn0L.jpg,704724,maximum_weight_recommendation,110 kilogram
https://m.media-amazon.com/images/I/61Byi7hvtFL.jpg,704724,maximum_weight_recommendation,110 kilogram
https://m.media-amazon.com/images/I/51M0VNraC1L.jpg,156839,maximum_weight_recommendation,20.0 kilogram
https://m.media-amazon.com/images/I/81pUNJUIugL.jpg,120219,maximum_weight_recommendation,3.0 pound
https://m.media-amazon.com/images/I/71CTnGi5A1L.jpg,120219,maximum_weight_recommendation,22.0 pound
https://m.media-amazon.com/images/I/81-EUEvr7WL.jpg,969033,maximum_weight_recommendation,6.8 kilogram
https://m.media-amazon.com/images/I/71IuDCAkSWL.jpg,120219,maximum_weight_recommendation,NA
https://m.media-amazon.com/images/I/71lHJ7dv9GL.jpg,120219,maximum_weight_recommendation,5.0 kilogram
https://m.media-amazon.com/images/I/71BPtGjMgXL.jpg,120219,maximum_weight_recommendation,30.0 pound
https://m.media-amazon.com/images/I/91gA-hZfNFL.jpg,120219,maximum_weight_recommendation,NA
https://m.media-amazon.com/images/I/61kKKgjYiCL.jpg,801829,maximum_weight_recommendation,125 kilogram
https://m.media-amazon.com/images/I/61uM2TW5Z+L.jpg,221399,maximum_weight_recommendation,100 kilogram
https://m.media-amazon.com/images/I/61lCjx7CdDL.jpg,120219,maximum_weight_recommendation,15.0 kilogram
https://m.media-amazon.com/images/I/71Q9nsPcBfL.jpg,801829,maximum_weight_recommendation,330.0 pound
https://m.media-amazon.com/images/I/61GqOGxFbtL.jpg,120219,maximum_weight_recommendation,10.0 kilogram
https://m.media-amazon.com/images/I/71AUrBvEarL.jpg,611510,maximum_weight_recommendation,150 kilogram
https://m.media-amazon.com/images/I/61KctbA4zXL.jpg,611510,maximum_weight_recommendation,150 kilogram
https://m.media-amazon.com/images/I/81e4bqAAGoL.jpg,120219,maximum_weight_recommendation,NA
https://m.media-amazon.com/images/I/61WYOV5lsgL.jpg,801829,maximum_weight_recommendation,330 pound
https://m.media-amazon.com/images/I/6123igkw5AL.jpg,933453,maximum_weight_recommendation,36 kilogram
https://m.media-amazon.com/images/I/710AF6I+J3L.jpg,150913,maximum_weight_recommendation,16.3 kilogram
https://m.media-amazon.com/images/I/71VrgVu7YTL.jpg,150913,maximum_weight_recommendation,25 kilogram
https://m.media-amazon.com/images/I/71hjVWggArL.jpg,801829,maximum_weight_recommendation,150 kilogram
https://m.media-amazon.com/images/I/71yFxW0WhcL.jpg,969033,maximum_weight_recommendation,15 pound
https://m.media-amazon.com/images/I/61wTSMnTIXL.jpg,156839,maximum_weight_recommendation,40 pound
https://m.media-amazon.com/images/I/61lT39o5V0L.jpg,221399,maximum_weight_recommendation,100 kilogram
https://m.media-amazon.com/images/I/61QKVQwkp1L.jpg,156839,maximum_weight_recommendation,40.0 kilogram
https://m.media-amazon.com/images/I/71iC6ZROMVL.jpg,969033,maximum_weight_recommendation,25.0 kilogram
https://m.media-amazon.com/images/I/91LJe8ohexL.jpg,120219,maximum_weight_recommendation,20.0 kilogram
https://m.media-amazon.com/images/I/61L2uN+L1NL.jpg,801829,maximum_weight_recommendation,105 kilogram
https://m.media-amazon.com/images/I/61fCLo002rL.jpg,120219,maximum_weight_recommendation,NA
https://m.media-amazon.com/images/I/71YH90QevRL.jpg,969033,maximum_weight_recommendation,25 pound
https://m.media-amazon.com/images/I/71tOczT+KUL.jpg,969033,maximum_weight_recommendation,100 pound
https://m.media-amazon.com/images/I/81z1XIabbNL.jpg,801829,maximum_weight_recommendation,150 kilogram
https://m.media-amazon.com/images/I/51z2RaizvBL.jpg,611510,maximum_weight_recommendation,286 pound
https://m.media-amazon.com/images/I/61LdkQ4SYLL.jpg,171418,maximum_weight_recommendation,30 kilogram
https://m.media-amazon.com/images/I/71DFKTARQxL.jpg,801829,maximum_weight_recommendation,150 kilogram
https://m.media-amazon.com/images/I/71Jzcw2K40L.jpg,969033,maximum_weight_recommendation,100 pound
https://m.media-amazon.com/images/I/615F6R+PtxL.jpg,611510,maximum_weight_recommendation,220 pound
https://m.media-amazon.com/images/I/91FLDj9ptwL.jpg,488883,maximum_weight_recommendation,250.0 pound
https://m.media-amazon.com/images/I/61c1TsnJjzL.jpg,204245,maximum_weight_recommendation,400 pound
https://m.media-amazon.com/images/I/71bRfKZ-IsL.jpg,801829,maximum_weight_recommendation,300 pound
https://m.media-amazon.com/images/I/71hhbyrdwbL.jpg,120219,maximum_weight_recommendation,NA
https://m.media-amazon.com/images/I/61ZoZcG5iJL.jpg,801829,maximum_weight_recommendation,125 kilogram
https://m.media-amazon.com/images/I/814C8Y3iyDL.jpg,150913,maximum_weight_recommendation,15 kilogram
https://m.media-amazon.com/images/I/71n4iqvfLZL.jpg,120219,maximum_weight_recommendation,NA
https://m.media-amazon.com/images/I/71JtKPn9FLL.jpg,120219,maximum_weight_recommendation,20.0 kilogram
https://m.media-amazon.com/images/I/81AMHFNidtL.jpg,120219,maximum_weight_recommendation,NA
https://m.media-amazon.com/images/I/61-GTKQAZnL.jpg,488883,maximum_weight_recommendation,150 kilogram
https://m.media-amazon.com/images/I/71YS9b4zuFL.jpg,969033,maximum_weight_recommendation,50 kilogram
https://m.media-amazon.com/images/I/613IHHxztRL.jpg,221399,maximum_weight_recommendation,200 kilogram
https://m.media-amazon.com/images/I/51YvSdTrd+L.jpg,704724,maximum_weight_recommendation,120 kilogram
https://m.media-amazon.com/images/I/61LdmuOPrgL.jpg,120219,maximum_weight_recommendation,NA
https://m.media-amazon.com/images/I/61kP2O-1bPL.jpg,801829,maximum_weight_recommendation,105 kilogram
https://m.media-amazon.com/images/I/612o+fAbKQS.jpg,120219,maximum_weight_recommendation,9.0 kilogram
https://m.media-amazon.com/images/I/8134SUjyDYL.jpg,801829,maximum_weight_recommendation,110 kilogram
https://m.media-amazon.com/images/I/71YhuuyYNrL.jpg,801829,maximum_weight_recommendation,110 kilogram
https://m.media-amazon.com/images/I/71HlaMiOdrL.jpg,658003,maximum_weight_recommendation,15.0 pound
https://m.media-amazon.com/images/I/81p62lQI+1L.jpg,120219,maximum_weight_recommendation,12.0 kilogram
https://m.media-amazon.com/images/I/71XvOcOseoL.jpg,120219,maximum_weight_recommendation,12.0 kilogram
https://m.media-amazon.com/images/I/91D-OvMpxhS.jpg,801829,maximum_weight_recommendation,136 kilogram
https://m.media-amazon.com/images/I/81DAfnM0baL.jpg,462757,maximum_weight_recommendation,90 kilogram
https://m.media-amazon.com/images/I/61HryNYSfoL.jpg,204245,maximum_weight_recommendation,750 pound
https://m.media-amazon.com/images/I/71-tyOQ7wpL.jpg,969033,maximum_weight_recommendation,25.0 kilogram
https://m.media-amazon.com/images/I/71jcpVE69UL.jpg,178958,maximum_weight_recommendation,20 kilogram
https://m.media-amazon.com/images/I/61W5WJhB76L.jpg,120219,maximum_weight_recommendation,136.0 gram
https://m.media-amazon.com/images/I/81acAVVDcyS.jpg,801829,maximum_weight_recommendation,150 kilogram
https://m.media-amazon.com/images/I/81RqgGjtDVL.jpg,120219,maximum_weight_recommendation,NA
https://m.media-amazon.com/images/I/81bV4tFegcL.jpg,120219,maximum_weight_recommendation,NA
https://m.media-amazon.com/images/I/81XVJi0pNqL.jpg,120219,maximum_weight_recommendation,NA
https://m.media-amazon.com/images/I/51Um4vUV88L.jpg,120219,maximum_weight_recommendation,NA
https://m.media-amazon.com/images/I/61S7pB0VusL.jpg,969033,maximum_weight_recommendation,2.0 kilogram
https://m.media-amazon.com/images/I/81LvH8cIa5S.jpg,120219,maximum_weight_recommendation,NA
https://m.media-amazon.com/images/I/81V5VhsbXHS.jpg,120219,maximum_weight_recommendation,NA
https://m.media-amazon.com/images/I/416QLRZS0vL.jpg,969033,maximum_weight_recommendation,120 pound
https://m.media-amazon.com/images/I/71As1yIeuoL.jpg,221399,maximum_weight_recommendation,150 kilogram
https://m.media-amazon.com/images/I/61oD9t+sYFS.jpg,611510,maximum_weight_recommendation,350 pound
https://m.media-amazon.com/images/I/71D8W20QvfS.jpg,611510,maximum_weight_recommendation,350 pound
https://m.media-amazon.com/images/I/71ieRyu0-eL.jpg,221399,maximum_weight_recommendation,490 pound
https://m.media-amazon.com/images/I/71ZNHqh88EL.jpg,120219,maximum_weight_recommendation,NA
https://m.media-amazon.com/images/I/81AnNNO-kRL.jpg,611510,maximum_weight_recommendation,110 kilogram
https://m.media-amazon.com/images/I/71dDJXD7IHL.jpg,969033,maximum_weight_recommendation,45 kilogram
https://m.media-amazon.com/images/I/71DIXVuWnOL.jpg,801829,maximum_weight_recommendation,350 pound
https://m.media-amazon.com/images/I/61dxvUXBqqL.jpg,120219,maximum_weight_recommendation,NA
https://m.media-amazon.com/images/I/61IoV9GXvQL.jpg,120219,maximum_weight_recommendation,NA
https://m.media-amazon.com/images/I/61yUVhwBBrL.jpg,611510,maximum_weight_recommendation,400 pound
https://m.media-amazon.com/images/I/615F1G6LoHL.jpg,611510,maximum_weight_recommendation,400 pound
https://m.media-amazon.com/images/I/71b4KkcMqWL.jpg,611510,maximum_weight_recommendation,263 kilogram
https://m.media-amazon.com/images/I/71woxkxQ5pL.jpg,801829,maximum_weight_recommendation,135 kilogram
https://m.media-amazon.com/images/I/61puxnWtZ8L.jpg,801829,maximum_weight_recommendation,135 kilogram
https://m.media-amazon.com/images/I/61z97NqhepL.jpg,751532,maximum_weight_recommendation,500 pound
https://m.media-amazon.com/images/I/81LRTQY-VWL.jpg,751532,maximum_weight_recommendation,500 pound
https://m.media-amazon.com/images/I/71SCUgu2+lL.jpg,204245,maximum_weight_recommendation,150 kilogram
https://m.media-amazon.com/images/I/61KWSoglOCL.jpg,969033,maximum_weight_recommendation,45 pound
https://m.media-amazon.com/images/I/61XbReCBh-L.jpg,969033,maximum_weight_recommendation,100 pound
https://m.media-amazon.com/images/I/71o6tCEIWrL.jpg,918474,maximum_weight_recommendation,50 kilogram
https://m.media-amazon.com/images/I/71L2AwoW5ZL.jpg,969033,maximum_weight_recommendation,95 pound
https://m.media-amazon.com/images/I/71J9aXWjRbL.jpg,969033,maximum_weight_recommendation,95 pound
https://m.media-amazon.com/images/I/71zsnzMKPVL.jpg,801829,maximum_weight_recommendation,300 pound
https://m.media-amazon.com/images/I/81DoSRIbVyL.jpg,801829,maximum_weight_recommendation,440.0 pound
https://m.media-amazon.com/images/I/71FFhG45MhL.jpg,801829,maximum_weight_recommendation,120 kilogram
https://m.media-amazon.com/images/I/812LdBTpDDL.jpg,918474,maximum_weight_recommendation,265 pound
https://m.media-amazon.com/images/I/61GSesH3ooL.jpg,120219,maximum_weight_recommendation,59.25 gram
https://m.media-amazon.com/images/I/91UhpyUAQ+L.jpg,221399,maximum_weight_recommendation,480 pound
https://m.media-amazon.com/images/I/81MXo8Z23lL.jpg,611510,maximum_weight_recommendation,110 kilogram
https://m.media-amazon.com/images/I/61gPCjgx-LL.jpg,221399,maximum_weight_recommendation,150 kilogram
https://m.media-amazon.com/images/I/81nKGX6alaL.jpg,801829,maximum_weight_recommendation,265 pound
https://m.media-amazon.com/images/I/61AjiiPP9uL.jpg,178958,maximum_weight_recommendation,10 kilogram
https://m.media-amazon.com/images/I/71RQo0hVswL.jpg,120219,maximum_weight_recommendation,NA
https://m.media-amazon.com/images/I/71ReAlY9e2L.jpg,120219,maximum_weight_recommendation,50.0 pound
https://m.media-amazon.com/images/I/51nLJuNpbaL.jpg,120219,maximum_weight_recommendation,0.85 pound
https://m.media-amazon.com/images/I/71fcXTtduJL.jpg,120219,maximum_weight_recommendation,0.27 kilogram
https://m.media-amazon.com/images/I/61tQ0jloB3L.jpg,969033,maximum_weight_recommendation,15 pound
https://m.media-amazon.com/images/I/71nGSoCQwdL.jpg,801829,maximum_weight_recommendation,150 kilogram
https://m.media-amazon.com/images/I/715LYBCT6bL.jpg,120219,maximum_weight_recommendation,NA
https://m.media-amazon.com/images/I/61hJtYOnK7L.jpg,204245,maximum_weight_recommendation,120 kilogram
https://m.media-amazon.com/images/I/71Fdl99od4L.jpg,120219,maximum_weight_recommendation,NA
https://m.media-amazon.com/images/I/61Zo9pKPmrL.jpg,120219,maximum_weight_recommendation,NA
https://m.media-amazon.com/images/I/612rO3Wq0lL.jpg,156839,maximum_weight_recommendation,100.0 kilogram
https://m.media-amazon.com/images/I/71gI8sSq4BL.jpg,120219,maximum_weight_recommendation,5.0 kilogram
https://m.media-amazon.com/images/I/51BdvahnulL.jpg,204245,maximum_weight_recommendation,130 kilogram
https://m.media-amazon.com/images/I/71a3GLuyWYL.jpg,120219,maximum_weight_recommendation,NA
https://m.media-amazon.com/images/I/61rfAgzwqlL.jpg,120219,maximum_weight_recommendation,10.0 kilogram
https://m.media-amazon.com/images/I/71Jpeu0+veL.jpg,120219,maximum_weight_recommendation,NA
https://m.media-amazon.com/images/I/71H0Wp3BQaL.jpg,156839,maximum_weight_recommendation,44 pound
https://m.media-amazon.com/images/I/710TsnQKBWL.jpg,801829,maximum_weight_recommendation,280.0 pound
https://m.media-amazon.com/images/I/71V9+ZOeKZL.jpg,120219,maximum_weight_recommendation,NA
https://m.media-amazon.com/images/I/816r1OKh4fL.jpg,120219,maximum_weight_recommendation,NA
https://m.media-amazon.com/images/I/71msdNFLhFL.jpg,120219,maximum_weight_recommendation,250.0 gram
https://m.media-amazon.com/images/I/61pdqqgCgJL.jpg,801829,maximum_weight_recommendation,300 pound
https://m.media-amazon.com/images/I/71g+PX8rCqL.jpg,751532,maximum_weight_recommendation,800 pound
https://m.media-amazon.com/images/I/512kLa70uuL.jpg,120219,maximum_weight_recommendation,NA
https://m.media-amazon.com/images/I/71qYYDFjtGL.jpg,801829,maximum_weight_recommendation,110.0 kilogram
https://m.media-amazon.com/images/I/71zQ-1NGa7L.jpg,120219,maximum_weight_recommendation,NA
https://m.media-amazon.com/images/I/61vu0fX8WfL.jpg,221399,maximum_weight_recommendation,200 kilogram
https://m.media-amazon.com/images/I/614oP+sQ0ZL.jpg,969033,maximum_weight_recommendation,50 kilogram
https://m.media-amazon.com/images/I/61-VGaXxEIL.jpg,120219,maximum_weight_recommendation,NA
https://m.media-amazon.com/images/I/81OmG1yP5xL.jpg,120219,maximum_weight_recommendation,NA
https://m.media-amazon.com/images/I/71eOex45bNL.jpg,611510,maximum_weight_recommendation,150 kilogram
https://m.media-amazon.com/images/I/71pKS6ApFiL.jpg,120219,maximum_weight_recommendation,NA
https://m.media-amazon.com/images/I/61LrJCQqgYL.jpg,969033,maximum_weight_recommendation,2.5 kilogram
https://m.media-amazon.com/images/I/51+nhNIHVNL.jpg,969033,maximum_weight_recommendation,180 gram
https://m.media-amazon.com/images/I/71YCe05gHyL.jpg,969033,maximum_weight_recommendation,15.0 pound
https://m.media-amazon.com/images/I/61cjlQOBPKL.jpg,462757,maximum_weight_recommendation,265 pound
https://m.media-amazon.com/images/I/615xFxdMvnL.jpg,462757,maximum_weight_recommendation,265 pound
https://m.media-amazon.com/images/I/910q4sS7M8L.jpg,120219,maximum_weight_recommendation,17.0 ounce
https://m.media-amazon.com/images/I/71EzWasCebL.jpg,221399,maximum_weight_recommendation,400 pound
https://m.media-amazon.com/images/I/81Qp3OsUFSL.jpg,801829,maximum_weight_recommendation,136 kilogram
https://m.media-amazon.com/images/I/81AFYgWpsTL.jpg,120219,maximum_weight_recommendation,NA
https://m.media-amazon.com/images/I/61LinrFZf+L.jpg,488883,maximum_weight_recommendation,150 kilogram
https://m.media-amazon.com/images/I/61fDmyqniWL.jpg,801829,maximum_weight_recommendation,105 kilogram
https://m.media-amazon.com/images/I/71SBJbjmAaL.jpg,120219,maximum_weight_recommendation,60.0 pound
https://m.media-amazon.com/images/I/71CzefnXYRL.jpg,446789,maximum_weight_recommendation,300 kilogram
https://m.media-amazon.com/images/I/71Yx6BD4gNL.jpg,446789,maximum_weight_recommendation,300 kilogram
https://m.media-amazon.com/images/I/61jxwCaxDcL.jpg,120219,maximum_weight_recommendation,8.5 ounce
https://m.media-amazon.com/images/I/6146eNKnngL.jpg,156839,maximum_weight_recommendation,13.6 kilogram
https://m.media-amazon.com/images/I/81IlZljYXBL.jpg,969033,maximum_weight_recommendation,0.9 kilogram
https://m.media-amazon.com/images/I/81lcjkv67XL.jpg,801829,maximum_weight_recommendation,220 pound
https://m.media-amazon.com/images/I/51T8-qcwm6L.jpg,801829,maximum_weight_recommendation,46 kilogram
https://m.media-amazon.com/images/I/51d9Ydga3AL.jpg,120219,maximum_weight_recommendation,1213.0 gram
https://m.media-amazon.com/images/I/81pTqV3-9nL.jpg,120219,maximum_weight_recommendation,40.0 pound
https://m.media-amazon.com/images/I/61yyhcehseL.jpg,120219,maximum_weight_recommendation,100.0 gram
https://m.media-amazon.com/images/I/71NBI0rxb8L.jpg,120219,maximum_weight_recommendation,NA
https://m.media-amazon.com/images/I/411PPpr1M7S.jpg,611510,maximum_weight_recommendation,2.075 kilogram
https://m.media-amazon.com/images/I/61RqQYEduqL.jpg,969033,maximum_weight_recommendation,20.0 kilogram
https://m.media-amazon.com/images/I/714-A6xeGGL.jpg,801829,maximum_weight_recommendation,330 pound
https://m.media-amazon.com/images/I/71APy7KcNaL.jpg,801829,maximum_weight_recommendation,330 pound
https://m.media-amazon.com/images/I/71NeAlhNKRS.jpg,751532,maximum_weight_recommendation,550 pound
https://m.media-amazon.com/images/I/71+4t04y7jL.jpg,801829,maximum_weight_recommendation,300 pound
https://m.media-amazon.com/images/I/71SG-V+Em8S.jpg,221399,maximum_weight_recommendation,150 kilogram
https://m.media-amazon.com/images/I/61SLgz3TGEL.jpg,120219,maximum_weight_recommendation,NA
https://m.media-amazon.com/images/I/71ZGFQGIxRL.jpg,120219,maximum_weight_recommendation,NA
https://m.media-amazon.com/images/I/51FFn53LIvL.jpg,120219,maximum_weight_recommendation,35.0 kilogram
https://m.media-amazon.com/images/I/61TPFyco6qL.jpg,969033,maximum_weight_recommendation,65 pound
https://m.media-amazon.com/images/I/810db88AzoL.jpg,611510,maximum_weight_recommendation,330 pound
https://m.media-amazon.com/images/I/71IAjMPubtL.jpg,801829,maximum_weight_recommendation,300 pound
https://m.media-amazon.com/images/I/719DMx3OysL.jpg,120219,maximum_weight_recommendation,NA
https://m.media-amazon.com/images/I/61uBTLGnHNL.jpg,120219,maximum_weight_recommendation,10.0 kilogram
https://m.media-amazon.com/images/I/712oK02Jn7L.jpg,801829,maximum_weight_recommendation,275 pound
https://m.media-amazon.com/images/I/71TGNVgsJNL.jpg,969033,maximum_weight_recommendation,35 pound
https://m.media-amazon.com/images/I/61uCPzeRL7L.jpg,969033,maximum_weight_recommendation,2 kilogram
https://m.media-amazon.com/images/I/713dKS1j0lL.jpg,221399,maximum_weight_recommendation,200 kilogram
https://m.media-amazon.com/images/I/61kOufzKSNL.jpg,704724,maximum_weight_recommendation,120 kilogram
https://m.media-amazon.com/images/I/61iKoyZ3GDL.jpg,120219,maximum_weight_recommendation,NA
https://m.media-amazon.com/images/I/71lRrEw8BmL.jpg,120219,maximum_weight_recommendation,15.0 pound
https://m.media-amazon.com/images/I/61ilXvSZCPL.jpg,462757,maximum_weight_recommendation,90 kilogram
https://m.media-amazon.com/images/I/71UOQ1-JF6L.jpg,156839,maximum_weight_recommendation,7 kilogram
https://m.media-amazon.com/images/I/61wVaegVgIL.jpg,801829,maximum_weight_recommendation,6.3 kilogram
https://m.media-amazon.com/images/I/613UkLPDr4L.jpg,120219,maximum_weight_recommendation,5.0 kilogram
https://m.media-amazon.com/images/I/71VOoUrzfFL.jpg,488883,maximum_weight_recommendation,150 kilogram
https://m.media-amazon.com/images/I/81mmOj2pJ+L.jpg,969033,maximum_weight_recommendation,90 pound
https://m.media-amazon.com/images/I/51pxyKRjkjL.jpg,120219,maximum_weight_recommendation,20.0 kilogram
https://m.media-amazon.com/images/I/71Sv+kJ-hxL.jpg,801829,maximum_weight_recommendation,300 pound
https://m.media-amazon.com/images/I/51w8x1a9KiL.jpg,969033,maximum_weight_recommendation,35 pound
https://m.media-amazon.com/images/I/71ZgQFCkleL.jpg,611510,maximum_weight_recommendation,350 pound
https://m.media-amazon.com/images/I/61vvGy7-nvL.jpg,611510,maximum_weight_recommendation,350 pound
https://m.media-amazon.com/images/I/71uj6ByW+CL.jpg,969033,maximum_weight_recommendation,15 pound
https://m.media-amazon.com/images/I/714+6lMRpGS.jpg,120219,maximum_weight_recommendation,310.0 gram
https://m.media-amazon.com/images/I/71FN060qRcL.jpg,120219,maximum_weight_recommendation,NA
https://m.media-amazon.com/images/I/71hll1DurML.jpg,178958,maximum_weight_recommendation,13 pound
https://m.media-amazon.com/images/I/71fLPPG-eBL.jpg,969033,maximum_weight_recommendation,45 kilogram
https://m.media-amazon.com/images/I/71H6+BwbxAL.jpg,801829,maximum_weight_recommendation,300 pound
https://m.media-amazon.com/images/I/61iND3Kua6L.jpg,178958,maximum_weight_recommendation,5 kilogram
https://m.media-amazon.com/images/I/81UKZV+8A+L.jpg,120219,maximum_weight_recommendation,30.0 gram
https://m.media-amazon.com/images/I/61JwO27X-9L.jpg,120219,maximum_weight_recommendation,NA
https://m.media-amazon.com/images/I/61bq8W8zntL.jpg,751532,maximum_weight_recommendation,400 pound
https://m.media-amazon.com/images/I/71j5dOs-uvL.jpg,801829,maximum_weight_recommendation,220 pound
https://m.media-amazon.com/images/I/81fatuuL-IL.jpg,120219,maximum_weight_recommendation,1281.0 gram
https://m.media-amazon.com/images/I/61NozGKmRfS.jpg,462757,maximum_weight_recommendation,100 kilogram
https://m.media-amazon.com/images/I/61q7ZuNn+OS.jpg,462757,maximum_weight_recommendation,100 kilogram
https://m.media-amazon.com/images/I/71XMU3s+vML.jpg,462757,maximum_weight_recommendation,100 kilogram
https://m.media-amazon.com/images/I/71zoAE+E+9L.jpg,969033,maximum_weight_recommendation,30 kilogram
https://m.media-amazon.com/images/I/618wYhtU3IL.jpg,120219,maximum_weight_recommendation,NA
https://m.media-amazon.com/images/I/51A3bvZ89lL.jpg,120219,maximum_weight_recommendation,5.0 pound
https://m.media-amazon.com/images/I/71ux04y-rzL.jpg,969033,maximum_weight_recommendation,10.0 pound
https://m.media-amazon.com/images/I/61sfYMizZaL.jpg,120219,maximum_weight_recommendation,NA
https://m.media-amazon.com/images/I/610yvAiZfOL.jpg,801829,maximum_weight_recommendation,250.0 pound
https://m.media-amazon.com/images/I/71QSjPNdCOL.jpg,801829,maximum_weight_recommendation,350.0 pound
https://m.media-amazon.com/images/I/71bjTIlzydS.jpg,969033,maximum_weight_recommendation,20 pound
https://m.media-amazon.com/images/I/71xXb5axCuL.jpg,462757,maximum_weight_recommendation,110 kilogram
https://m.media-amazon.com/images/I/61Fbtqmp7OL.jpg,120219,maximum_weight_recommendation,NA
https://m.media-amazon.com/images/I/613-EK6-BIL.jpg,801829,maximum_weight_recommendation,200 pound
https://m.media-amazon.com/images/I/51UnJGXpF9L.jpg,120219,maximum_weight_recommendation,NA
https://m.media-amazon.com/images/I/71QcNz2KHwL.jpg,120219,maximum_weight_recommendation,NA
https://m.media-amazon.com/images/I/61JhCjFPSWL.jpg,156839,maximum_weight_recommendation,33 pound
https://m.media-amazon.com/images/I/81Uwp5t97yS.jpg,120219,maximum_weight_recommendation,3.4 ounce
https://m.media-amazon.com/images/I/71bM786lqML.jpg,611510,maximum_weight_recommendation,150 kilogram
https://m.media-amazon.com/images/I/51sWzJT8NUL.jpg,120219,maximum_weight_recommendation,585.0 gram
https://m.media-amazon.com/images/I/61w0gpk3loL.jpg,120219,maximum_weight_recommendation,8.0 kilogram
https://m.media-amazon.com/images/I/61PamZE2DPL.jpg,969033,maximum_weight_recommendation,25 pound
https://m.media-amazon.com/images/I/51bo6l5Y3NL.jpg,969033,maximum_weight_recommendation,12.0 pound
https://m.media-amazon.com/images/I/71avKT3s0gL.jpg,120219,maximum_weight_recommendation,10.0 kilogram
https://m.media-amazon.com/images/I/61ZQaO2or+L.jpg,969033,maximum_weight_recommendation,1050 gram
https://m.media-amazon.com/images/I/616-64H6xCL.jpg,801829,maximum_weight_recommendation,200 pound
https://m.media-amazon.com/images/I/71jydHVaOFL.jpg,120219,maximum_weight_recommendation,15.0 pound
https://m.media-amazon.com/images/I/61KQDb04cUL.jpg,933453,maximum_weight_recommendation,36 kilogram
https://m.media-amazon.com/images/I/81T8AN1uXxL.jpg,801829,maximum_weight_recommendation,120 kilogram
https://m.media-amazon.com/images/I/71zimummTuL.jpg,801829,maximum_weight_recommendation,330 pound
https://m.media-amazon.com/images/I/61hyfqajhfL.jpg,156839,maximum_weight_recommendation,17.6 pound
https://m.media-amazon.com/images/I/719KcQ8mVyS.jpg,204245,maximum_weight_recommendation,60 kilogram
https://m.media-amazon.com/images/I/81NxT2mZbZL.jpg,933453,maximum_weight_recommendation,10 kilogram
https://m.media-amazon.com/images/I/71KzMh6FKdL.jpg,120219,maximum_weight_recommendation,NA
https://m.media-amazon.com/images/I/51Ndt+Qw5PL.jpg,120219,maximum_weight_recommendation,NA
https://m.media-amazon.com/images/I/41AOTvroXfL.jpg,918474,maximum_weight_recommendation,120 kilogram
https://m.media-amazon.com/images/I/81Jf0k0PnPL.jpg,751532,maximum_weight_recommendation,16 gram
https://m.media-amazon.com/images/I/61LoMcE7VLL.jpg,120219,maximum_weight_recommendation,NA
https://m.media-amazon.com/images/I/91nq6iTLX8L.jpg,969033,maximum_weight_recommendation,90 kilogram
https://m.media-amazon.com/images/I/41IV9O3eIWL.jpg,156839,maximum_weight_recommendation,400.0 gram
https://m.media-amazon.com/images/I/61YbTwI49PL.jpg,969033,maximum_weight_recommendation,4 kilogram
https://m.media-amazon.com/images/I/81YwJRDUe4L.jpg,120219,maximum_weight_recommendation,40.0 pound
https://m.media-amazon.com/images/I/51ehshzeKIL.jpg,801829,maximum_weight_recommendation,136 kilogram
https://m.media-amazon.com/images/I/61bXTxnKsAL.jpg,120219,maximum_weight_recommendation,NA
https://m.media-amazon.com/images/I/61APqH41Z6L.jpg,178958,maximum_weight_recommendation,10 kilogram
https://m.media-amazon.com/images/I/61D6DnvcGEL.jpg,801829,maximum_weight_recommendation,135 kilogram
https://m.media-amazon.com/images/I/618UvumaUeL.jpg,221399,maximum_weight_recommendation,150 kilogram
https://m.media-amazon.com/images/I/61yPadf7aNL.jpg,150913,maximum_weight_recommendation,18 kilogram
https://m.media-amazon.com/images/I/61YXlkpVlvL.jpg,150913,maximum_weight_recommendation,18 kilogram
https://m.media-amazon.com/images/I/71qwqY7XldS.jpg,120219,maximum_weight_recommendation,NA
https://m.media-amazon.com/images/I/8101RVbuw0L.jpg,120219,maximum_weight_recommendation,5.0 kilogram
https://m.media-amazon.com/images/I/81h3QQrp0wL.jpg,120219,maximum_weight_recommendation,NA
https://m.media-amazon.com/images/I/719PUaYBXlL.jpg,171418,maximum_weight_recommendation,7.1 kilogram
https://m.media-amazon.com/images/I/61Qelaw3n-L.jpg,969033,maximum_weight_recommendation,50 kilogram
https://m.media-amazon.com/images/I/811IoPzE0TL.jpg,178958,maximum_weight_recommendation,10 kilogram
https://m.media-amazon.com/images/I/81QPGI9yNQL.jpg,120219,maximum_weight_recommendation,NA
https://m.media-amazon.com/images/I/71Yw8KXeYXL.jpg,801829,maximum_weight_recommendation,150 kilogram
https://m.media-amazon.com/images/I/71a6WFSd3NL.jpg,801829,maximum_weight_recommendation,1.9 pound
https://m.media-amazon.com/images/I/61-mQGOMIIL.jpg,178958,maximum_weight_recommendation,10 pound
https://m.media-amazon.com/images/I/71QrHPvXR7L.jpg,969033,maximum_weight_recommendation,250 pound
https://m.media-amazon.com/images/I/618WRpDlTOL.jpg,120219,maximum_weight_recommendation,0.0 gram
https://m.media-amazon.com/images/I/61I9XdN6OFL.jpg,748919,item_weight,500.0 gram
https://m.media-amazon.com/images/I/61BZ4zrjZXL.jpg,459516,item_weight,0.709 gram
https://m.media-amazon.com/images/I/612mrlqiI4L.jpg,459516,item_weight,0.709 gram
https://m.media-amazon.com/images/I/617Tl40LOXL.jpg,731432,item_weight,1400 milligram
https://m.media-amazon.com/images/I/61QsBSE7jgL.jpg,731432,item_weight,1400 milligram
https://m.media-amazon.com/images/I/81xsq6vf2qL.jpg,731432,item_weight,1400 milligram
https://m.media-amazon.com/images/I/71DiLRHeZdL.jpg,731432,item_weight,1400 milligram
https://m.media-amazon.com/images/I/91Cma3RzseL.jpg,731432,item_weight,1400 milligram
https://m.media-amazon.com/images/I/71jBLhmTNlL.jpg,731432,item_weight,1400 milligram
https://m.media-amazon.com/images/I/81N73b5khVL.jpg,149159,item_weight,30.0 kilogram
https://m.media-amazon.com/images/I/61oMj2iXOuL.jpg,308856,item_weight,10 kilogram to 15 kilogram
https://m.media-amazon.com/images/I/91LPf6OjV9L.jpg,281678,item_weight,3.53 ounce
https://m.media-amazon.com/images/I/81fOxWWWKYL.jpg,281678,item_weight,3.53 ounce
https://m.media-amazon.com/images/I/81dzao1Ob4L.jpg,281678,item_weight,3.53 ounce
https://m.media-amazon.com/images/I/91-iahVGEDL.jpg,281678,item_weight,100 gram
https://m.media-amazon.com/images/I/81S2+GnYpTL.jpg,731432,item_weight,200 gram
https://m.media-amazon.com/images/I/81e2YtCOKvL.jpg,731432,item_weight,1 kilogram
https://m.media-amazon.com/images/I/81RNsNEM1EL.jpg,731432,item_weight,200 gram
https://m.media-amazon.com/images/I/91prZeizZnL.jpg,731432,item_weight,200 gram
https://m.media-amazon.com/images/I/31EvJszFVfL.jpg,731432,item_weight,200 gram
https://m.media-amazon.com/images/I/61sQ+qAKr4L.jpg,299791,item_weight,2.7 gram
https://m.media-amazon.com/images/I/81x77l2T5NL.jpg,884560,item_weight,112 gram
https://m.media-amazon.com/images/I/71nywfWZUwL.jpg,179080,item_weight,4.1 kilogram
https://m.media-amazon.com/images/I/51WsuKKAVrL.jpg,866516,item_weight,158.0 gram
https://m.media-amazon.com/images/I/61XGDKap+JL.jpg,866516,item_weight,158.0 gram
https://m.media-amazon.com/images/I/715vVcWJxGL.jpg,459516,item_weight,5000 milligram
https://m.media-amazon.com/images/I/613v+2W4UwL.jpg,524635,item_weight,50 milligram
https://m.media-amazon.com/images/I/71+fn9TWQmL.jpg,524635,item_weight,50 milligram
https://m.media-amazon.com/images/I/71aKgRRQ2wL.jpg,524635,item_weight,50 milligram
https://m.media-amazon.com/images/I/71rKXZJrh4L.jpg,524635,item_weight,50 milligram
https://m.media-amazon.com/images/I/71D824lbRvL.jpg,524635,item_weight,50 milligram
https://m.media-amazon.com/images/I/71004c9tzfL.jpg,730429,item_weight,NA
https://m.media-amazon.com/images/I/51bQPPtMqYL.jpg,881883,item_weight,26.0 gram
https://m.media-amazon.com/images/I/71IUuTJ8QwL.jpg,601746,item_weight,330.0 pound
https://m.media-amazon.com/images/I/915JHkwtcrL.jpg,487566,item_weight,31.0 ounce
https://m.media-amazon.com/images/I/71cjrYndwIL.jpg,794161,item_weight,0.35 ounce
https://m.media-amazon.com/images/I/81hnk2WXO3L.jpg,639090,item_weight,35.0 gram
https://m.media-amazon.com/images/I/41wvffSxB4L.jpg,299791,item_weight,15.5 gram
https://m.media-amazon.com/images/I/91cErO-KbLL.jpg,237000,item_weight,NA
https://m.media-amazon.com/images/I/61WFh8RCQYL.jpg,844474,item_weight,0.8 kilogram
https://m.media-amazon.com/images/I/711SATIDrmL.jpg,709627,item_weight,169.0 gram
https://m.media-amazon.com/images/I/61x6RSjwQIL.jpg,299791,item_weight,10.0 gram
https://m.media-amazon.com/images/I/613BeFNwHcL.jpg,523149,item_weight,7.0 gram
https://m.media-amazon.com/images/I/61hWZdkq6WL.jpg,630390,item_weight,750.0 gram
https://m.media-amazon.com/images/I/71E7CU55dcL.jpg,810266,item_weight,160.0 gram
https://m.media-amazon.com/images/I/61c+hSNnnZL.jpg,748919,item_weight,270.0 gram
https://m.media-amazon.com/images/I/915w0BdW-gL.jpg,993359,item_weight,500 gram
https://m.media-amazon.com/images/I/61sx0ezNNLL.jpg,731432,item_weight,1 kilogram
https://m.media-amazon.com/images/I/71ldprwbKrL.jpg,731432,item_weight,1 kilogram
https://m.media-amazon.com/images/I/71E9iF-bmKL.jpg,731432,item_weight,1 kilogram
https://m.media-amazon.com/images/I/71sWRp1SNwL.jpg,731432,item_weight,1 kilogram
https://m.media-amazon.com/images/I/61SmT8pkLtL.jpg,529606,item_weight,2 ounce
https://m.media-amazon.com/images/I/71ZtDgGX+iL.jpg,299791,item_weight,8.1 gram
https://m.media-amazon.com/images/I/413FQB0ZMLL.jpg,308856,item_weight,NA
https://m.media-amazon.com/images/I/41EjbFu-+yL.jpg,308856,item_weight,10 kilogram
https://m.media-amazon.com/images/I/71dWDwMhWmS.jpg,681445,item_weight,500.0 kilogram
https://m.media-amazon.com/images/I/61d6Kj80QSL.jpg,365637,item_weight,200.0 gram
https://m.media-amazon.com/images/I/71bvOuz9w1L.jpg,365637,item_weight,200.0 gram
https://m.media-amazon.com/images/I/71l0M0tMGjL.jpg,365637,item_weight,200.0 gram
https://m.media-amazon.com/images/I/71Lpqdrpi4L.jpg,365637,item_weight,200.0 gram
https://m.media-amazon.com/images/I/71jLIbCcwOL.jpg,365637,item_weight,NA
https://m.media-amazon.com/images/I/718EdwGgyVL.jpg,365637,item_weight,200.0 gram
https://m.media-amazon.com/images/I/713twQgCHSL.jpg,487566,item_weight,5.0 kilogram
https://m.media-amazon.com/images/I/61I0O1qJbhS.jpg,767202,item_weight,60.0 pound
https://m.media-amazon.com/images/I/716AQpAJjZL.jpg,731432,item_weight,227 gram
https://m.media-amazon.com/images/I/71FVeRd2jqL.jpg,709627,item_weight,NA
https://m.media-amazon.com/images/I/81njuNSPdjL.jpg,639090,item_weight,190.0 gram
https://m.media-amazon.com/images/I/51xfRlxWIXL.jpg,639090,item_weight,NA
https://m.media-amazon.com/images/I/71duwM3SjpL.jpg,459516,item_weight,600 milligram
https://m.media-amazon.com/images/I/612xIhPMHqL.jpg,630869,item_weight,3.2 gram
https://m.media-amazon.com/images/I/51b9JEHOriL.jpg,630869,item_weight,6.5 gram
https://m.media-amazon.com/images/I/81lgxfKqUUL.jpg,881883,item_weight,NA
https://m.media-amazon.com/images/I/814sAvV89SL.jpg,558374,item_weight,42.0 gram
https://m.media-amazon.com/images/I/61cMeogK8gL.jpg,601746,item_weight,26.0 gram
https://m.media-amazon.com/images/I/71WLYfmMqQL.jpg,254449,item_weight,50.0 milligram
https://m.media-amazon.com/images/I/61Dq3LRei9L.jpg,523149,item_weight,10.0 kilogram
https://m.media-amazon.com/images/I/61kyBEJYDeL.jpg,459516,item_weight,500 milligram
https://m.media-amazon.com/images/I/71uQmsTESvL.jpg,459516,item_weight,500 milligram
https://m.media-amazon.com/images/I/71jG8BOi4WL.jpg,241608,item_weight,16.0 gram
https://m.media-amazon.com/images/I/61390hosjFL.jpg,308856,item_weight,8 kilogram
https://m.media-amazon.com/images/I/71YiRw3e1lL.jpg,630869,item_weight,3.0 pound
https://m.media-amazon.com/images/I/719poaEkdEL.jpg,459516,item_weight,750.0 milligram
https://m.media-amazon.com/images/I/41njJJg-ANL.jpg,308671,item_weight,NA
https://m.media-amazon.com/images/I/71qEriwsbIL.jpg,299791,item_weight,23.0 gram
https://m.media-amazon.com/images/I/514M5CrBK4L.jpg,630869,item_weight,9.8 gram
https://m.media-amazon.com/images/I/61qOr-yqaVL.jpg,442321,item_weight,198.0 pound
https://m.media-amazon.com/images/I/61xxqfM2EwL.jpg,991868,item_weight,9.0 kilogram
https://m.media-amazon.com/images/I/81yG9eUKvxL.jpg,208023,item_weight,2.5 kilogram
https://m.media-amazon.com/images/I/61FMOl299lL.jpg,593600,item_weight,50.0 gram
https://m.media-amazon.com/images/I/51T1Kh7WWGL.jpg,299791,item_weight,4.1 gram
https://m.media-amazon.com/images/I/71G8XyPqcIL.jpg,630869,item_weight,9.2 gram
https://m.media-amazon.com/images/I/61Hhju+qn9L.jpg,308856,item_weight,600.0 gram
https://m.media-amazon.com/images/I/51Alw-4+zJL.jpg,308856,item_weight,20.0 kilogram
https://m.media-amazon.com/images/I/81l6zfwKG7L.jpg,731432,item_weight,12.9 gram
https://m.media-amazon.com/images/I/71eATPu53YL.jpg,731432,item_weight,12.9 gram
https://m.media-amazon.com/images/I/81R8CrWXthL.jpg,731432,item_weight,1000.0 milligram
https://m.media-amazon.com/images/I/71qiWPgPcUS.jpg,908443,item_weight,264.0 gram
https://m.media-amazon.com/images/I/81nyHjPXg-L.jpg,308856,item_weight,34 kilogram
https://m.media-amazon.com/images/I/71EREAIkJZS.jpg,299791,item_weight,72.57 gram
https://m.media-amazon.com/images/I/61bpzE0p4yL.jpg,459516,item_weight,NA
https://m.media-amazon.com/images/I/71yqAwAikaL.jpg,731432,item_weight,180 gram
https://m.media-amazon.com/images/I/61431aMH6cL.jpg,731432,item_weight,180 gram
https://m.media-amazon.com/images/I/71lxjbXw9bL.jpg,731432,item_weight,180 gram
https://m.media-amazon.com/images/I/71cziTM6TfL.jpg,731432,item_weight,180 gram
https://m.media-amazon.com/images/I/71Btb49O2dL.jpg,731432,item_weight,180 gram
https://m.media-amazon.com/images/I/51QhV+Ox86L.jpg,630869,item_weight,33 gram
https://m.media-amazon.com/images/I/51ArM1PP7WL.jpg,523149,item_weight,12.8 gram
https://m.media-amazon.com/images/I/51F+K7Zx9fL.jpg,558374,item_weight,1.77 ounce
https://m.media-amazon.com/images/I/51u2vv6e8yL.jpg,881883,item_weight,350.0 gram
https://m.media-amazon.com/images/I/71PexaOBvoL.jpg,529606,item_weight,567.0 gram
https://m.media-amazon.com/images/I/81uHTyMDa7L.jpg,529606,item_weight,567.0 gram
https://m.media-amazon.com/images/I/81x+p0LzKbL.jpg,529606,item_weight,567.0 gram
https://m.media-amazon.com/images/I/71kCYzCu0UL.jpg,529606,item_weight,567.0 gram
https://m.media-amazon.com/images/I/81F2B83meFL.jpg,529606,item_weight,567.0 gram
https://m.media-amazon.com/images/I/71KFQ3qt4gL.jpg,529606,item_weight,567.0 gram
https://m.media-amazon.com/images/I/71+FvzD14RL.jpg,893692,item_weight,2.4 kilogram
https://m.media-amazon.com/images/I/414maJ3RUML.jpg,120569,item_weight,25 kilogram
https://m.media-amazon.com/images/I/7158CO+v3kL.jpg,564709,item_weight,50.0 kilogram
https://m.media-amazon.com/images/I/71NoP+8HnqS.jpg,593600,item_weight,263.0 gram
https://m.media-amazon.com/images/I/51K0v0zo-wL.jpg,507988,item_weight,250.0 gram
https://m.media-amazon.com/images/I/51H6vfyBqML.jpg,507988,item_weight,250.0 gram
https://m.media-amazon.com/images/I/81gzy3-ZlML.jpg,459516,item_weight,200 gram
https://m.media-amazon.com/images/I/71mKPQGo8wL.jpg,599772,item_weight,1.8 kilogram
https://m.media-amazon.com/images/I/81puuiKhs5L.jpg,601746,item_weight,800.0 gram
https://m.media-amazon.com/images/I/61CLKFwJa4L.jpg,630869,item_weight,24.8 gram
https://m.media-amazon.com/images/I/615v9WaUIuL.jpg,483370,item_weight,4.0 kilogram
https://m.media-amazon.com/images/I/61HisZt9hcL.jpg,208023,item_weight,3.59 kilogram
https://m.media-amazon.com/images/I/31o8WywVeTL.jpg,299791,item_weight,7 gram
https://m.media-amazon.com/images/I/61Ik5NY4ExL.jpg,299791,item_weight,9.8 gram
https://m.media-amazon.com/images/I/71PGzqxh-EL.jpg,523149,item_weight,3.8 gram
https://m.media-amazon.com/images/I/71uqF3qqsuL.jpg,844474,item_weight,0.45 kilogram
https://m.media-amazon.com/images/I/61vdMgkasML.jpg,179080,item_weight,70.5 pound
https://m.media-amazon.com/images/I/71WffHaS-QL.jpg,589105,item_weight,1.87 pound
https://m.media-amazon.com/images/I/61mLRVKOr3L.jpg,748919,item_weight,125.0 gram
https://m.media-amazon.com/images/I/619W5ruX5xL.jpg,523149,item_weight,21.0 gram
https://m.media-amazon.com/images/I/51YZWIRgY0L.jpg,630869,item_weight,30.0 gram
https://m.media-amazon.com/images/I/7185b+0uzML.jpg,459516,item_weight,679.0 milligram
https://m.media-amazon.com/images/I/8146TN-qDgL.jpg,881883,item_weight,500.0 gram
https://m.media-amazon.com/images/I/71bA7Tj2y5L.jpg,120569,item_weight,15.0 kilogram
https://m.media-amazon.com/images/I/81ZyvlRczjL.jpg,311997,item_weight,175.0 kilogram
https://m.media-amazon.com/images/I/81zuZujBfyL.jpg,311997,item_weight,175.0 kilogram
https://m.media-amazon.com/images/I/71mi7h+tZmL.jpg,281678,item_weight,1.0 gram
https://m.media-amazon.com/images/I/71ihnkVAoCL.jpg,241608,item_weight,460.0 gram
https://m.media-amazon.com/images/I/71k9HXFp5VL.jpg,767202,item_weight,23.0 kilogram
https://m.media-amazon.com/images/I/815pYcvCCeL.jpg,365637,item_weight,300.0 gram
https://m.media-amazon.com/images/I/615roHaokEL.jpg,810266,item_weight,100.0 gram
https://m.media-amazon.com/images/I/71JXfZLNJjL.jpg,639090,item_weight,22.0 gram
https://m.media-amazon.com/images/I/71yQq9I3yzL.jpg,731432,item_weight,3.0 gram
https://m.media-amazon.com/images/I/718M5ODio0L.jpg,731432,item_weight,3.0 gram
https://m.media-amazon.com/images/I/61lpwH0qHbL.jpg,731432,item_weight,3.0 gram
https://m.media-amazon.com/images/I/712sZRVe98L.jpg,731432,item_weight,NA
https://m.media-amazon.com/images/I/51WSQa1ygML.jpg,630869,item_weight,14.8 gram
https://m.media-amazon.com/images/I/71QR6ELoPnL.jpg,675317,item_weight,4.4 pound
https://m.media-amazon.com/images/I/71cO37WLcCL.jpg,675317,item_weight,4.4 pound
https://m.media-amazon.com/images/I/61qfHDESRQL.jpg,275506,item_weight,4.5 gram
https://m.media-amazon.com/images/I/61QC4Kt6FgL.jpg,275506,item_weight,4.5 gram
https://m.media-amazon.com/images/I/711unoPoAUL.jpg,801829,item_weight,120.0 gram
https://m.media-amazon.com/images/I/81cNMlJ3rUL.jpg,297918,item_weight,40.0 gram
https://m.media-amazon.com/images/I/71V8xeIdY8L.jpg,297918,item_weight,NA
https://m.media-amazon.com/images/I/81QVNxEt5jL.jpg,297918,item_weight,40.0 gram
https://m.media-amazon.com/images/I/61rzdBIml6S.jpg,416664,item_weight,NA
https://m.media-amazon.com/images/I/71XLo+kfY4S.jpg,416664,item_weight,NA
https://m.media-amazon.com/images/I/61GnRPsq7eS.jpg,308856,item_weight,390 gram
https://m.media-amazon.com/images/I/71L-+M3VVPL.jpg,507619,item_weight,30.0 pound
https://m.media-amazon.com/images/I/71CgwBBpm2L.jpg,953031,item_weight,NA
https://m.media-amazon.com/images/I/61uEVvHFcnL.jpg,953031,item_weight,NA
https://m.media-amazon.com/images/I/51-GFfHUt5L.jpg,993359,item_weight,100 gram
https://m.media-amazon.com/images/I/71wManz+q7L.jpg,281678,item_weight,100.0 gram
https://m.media-amazon.com/images/I/71rBE9Nt9sL.jpg,281678,item_weight,100.0 gram
https://m.media-amazon.com/images/I/61NpAba1eLL.jpg,523149,item_weight,2.6 gram
https://m.media-amazon.com/images/I/81GfAC59d9L.jpg,387046,item_weight,7.9 kilogram
https://m.media-amazon.com/images/I/71BkkuPYJFL.jpg,433914,item_weight,150.0 kilogram
https://m.media-amazon.com/images/I/61k7TzX5kYL.jpg,601746,item_weight,0.9 kilogram
https://m.media-amazon.com/images/I/81BxHI-QPIL.jpg,558374,item_weight,2.82 ounce
https://m.media-amazon.com/images/I/71WaRSgdUyL.jpg,558374,item_weight,16.0 gram
https://m.media-amazon.com/images/I/61cEFL6Y49L.jpg,884560,item_weight,132.0 gram
https://m.media-amazon.com/images/I/817S4LJR21L.jpg,281678,item_weight,77.0 gram
https://m.media-amazon.com/images/I/81V9hFKQT4L.jpg,281678,item_weight,77.0 gram
https://m.media-amazon.com/images/I/81i7biHKFUL.jpg,957185,item_weight,NA
https://m.media-amazon.com/images/I/9146CDDyS1L.jpg,654649,item_weight,NA
https://m.media-amazon.com/images/I/61zbBwJJ86L.jpg,375816,item_weight,25 gram
https://m.media-amazon.com/images/I/61g2MIPw-SL.jpg,375816,item_weight,25 gram
https://m.media-amazon.com/images/I/61rViW3qEDL.jpg,375816,item_weight,100 gram
https://m.media-amazon.com/images/I/41fYovCueJL.jpg,529606,item_weight,150 gram
https://m.media-amazon.com/images/I/61dL1hqmPTL.jpg,529606,item_weight,150 gram
https://m.media-amazon.com/images/I/61ErAvSUnML.jpg,529606,item_weight,150 gram
https://m.media-amazon.com/images/I/41J6cTfYEJL.jpg,529606,item_weight,150 gram
https://m.media-amazon.com/images/I/51FHIAeaWpL.jpg,529606,item_weight,150 gram
https://m.media-amazon.com/images/I/51egZNPkbmL.jpg,529606,item_weight,150 gram
https://m.media-amazon.com/images/I/61ptgk7Z6NL.jpg,459516,item_weight,200 gram
https://m.media-amazon.com/images/I/61mR0nvTi2L.jpg,483370,item_weight,2460.0 gram
https://m.media-amazon.com/images/I/81jraWFAHEL.jpg,654649,item_weight,NA
https://m.media-amazon.com/images/I/61q8BFKyG5L.jpg,416664,item_weight,2.5 kilogram
https://m.media-amazon.com/images/I/719SXCcE+yL.jpg,749917,item_weight,1300.0 gram
https://m.media-amazon.com/images/I/81pIxwIlH1L.jpg,529606,item_weight,22.0 gram
https://m.media-amazon.com/images/I/81dTA+JL8hL.jpg,529606,item_weight,22.0 gram
https://m.media-amazon.com/images/I/91YXnPoBr9L.jpg,529606,item_weight,22.0 gram
https://m.media-amazon.com/images/I/61ssSqT8LBL.jpg,483370,item_weight,NA
https://m.media-amazon.com/images/I/71rMtEbiU2L.jpg,932012,item_weight,NA
https://m.media-amazon.com/images/I/71DngBpcvfL.jpg,932012,item_weight,NA
https://m.media-amazon.com/images/I/81eYKrxwPeL.jpg,396159,item_weight,240.0 gram
https://m.media-amazon.com/images/I/41yG6r50SGL.jpg,477578,item_weight,47.0 gram
https://m.media-amazon.com/images/I/61CKA8YZZQL.jpg,731432,item_weight,11.0 pound
https://m.media-amazon.com/images/I/71GGzJw4lJL.jpg,731432,item_weight,5 kilogram
https://m.media-amazon.com/images/I/71s4ixwJ35L.jpg,731432,item_weight,6.6 pound
https://m.media-amazon.com/images/I/61oJbgINwyL.jpg,731432,item_weight,3 kilogram
https://m.media-amazon.com/images/I/71xNXOBXbeL.jpg,731432,item_weight,6.6 pound
https://m.media-amazon.com/images/I/81ILq5SlokL.jpg,731432,item_weight,5 kilogram
https://m.media-amazon.com/images/I/61qBC3QCpKL.jpg,731432,item_weight,3 kilogram
https://m.media-amazon.com/images/I/41jz25vrqpL.jpg,308671,item_weight,NA
https://m.media-amazon.com/images/I/81fRIl3bhHL.jpg,917343,item_weight,18.0 ounce
https://m.media-amazon.com/images/I/61ZcOamhAXL.jpg,359859,item_weight,0.13 pound
https://m.media-amazon.com/images/I/6179WU7pPnL.jpg,273748,item_weight,0.41 kilogram
https://m.media-amazon.com/images/I/711UcLF1AOL.jpg,563130,item_weight,NA
https://m.media-amazon.com/images/I/71bEyocs6cL.jpg,563130,item_weight,NA
https://m.media-amazon.com/images/I/81P0F4kSO5L.jpg,479564,item_weight,NA
https://m.media-amazon.com/images/I/61xt0+F24LL.jpg,254449,item_weight,50.0 gram
https://m.media-amazon.com/images/I/41o+Ah16aOL.jpg,254449,item_weight,50.0 gram
https://m.media-amazon.com/images/I/61t+5wQl08L.jpg,254449,item_weight,NA
https://m.media-amazon.com/images/I/61jznP3TP-L.jpg,254449,item_weight,50.0 gram
https://m.media-amazon.com/images/I/41UtmzUICML.jpg,254449,item_weight,50.0 gram
https://m.media-amazon.com/images/I/71N+e+6NXUL.jpg,639090,item_weight,150.0 gram
https://m.media-amazon.com/images/I/71wSp5zkmOL.jpg,639090,item_weight,13.0 gram
https://m.media-amazon.com/images/I/61dRC9mLuLL.jpg,639090,item_weight,150.0 gram
https://m.media-amazon.com/images/I/718Y1zul73L.jpg,675317,item_weight,2.1 pound
https://m.media-amazon.com/images/I/61HmWvlaCgS.jpg,844474,item_weight,0.0 pound
https://m.media-amazon.com/images/I/61hmMEg2+JL.jpg,625310,item_weight,40.0 gram
https://m.media-amazon.com/images/I/717jdsjET2S.jpg,299791,item_weight,30.0 gram
https://m.media-amazon.com/images/I/71UctMVz2wL.jpg,334327,item_weight,1.43 pound
https://m.media-amazon.com/images/I/71Y2sN5CZ2L.jpg,601746,item_weight,200.0 kilogram
https://m.media-amazon.com/images/I/71TIH9xp14L.jpg,844474,item_weight,260.0 gram
https://m.media-amazon.com/images/I/61IZwm4favL.jpg,523149,item_weight,4.0 gram
https://m.media-amazon.com/images/I/71Cpa4ITxCL.jpg,564709,item_weight,23.0 kilogram
https://m.media-amazon.com/images/I/71XKEn+9WSL.jpg,564709,item_weight,0.0 ounce
https://m.media-amazon.com/images/I/71VHlwzHsIL.jpg,630869,item_weight,34.5 gram
https://m.media-amazon.com/images/I/81aU1hA-LKL.jpg,507988,item_weight,60.0 gram
https://m.media-amazon.com/images/I/911ddalhbYL.jpg,529606,item_weight,4.0 pound
https://m.media-amazon.com/images/I/71CPTuB3GzL.jpg,275506,item_weight,NA
https://m.media-amazon.com/images/I/61ZR+zqTeFL.jpg,275506,item_weight,NA
https://m.media-amazon.com/images/I/71IqOdJNJ0L.jpg,810266,item_weight,13.5 ounce
https://m.media-amazon.com/images/I/812RLyHuZgL.jpg,932012,item_weight,NA
https://m.media-amazon.com/images/I/61nQgfAzcjL.jpg,523149,item_weight,15.9 gram
https://m.media-amazon.com/images/I/51LXZCTnMuL.jpg,299791,item_weight,35.3 gram
https://m.media-amazon.com/images/I/71PKpcLG-3L.jpg,308856,item_weight,10 kilogram
https://m.media-amazon.com/images/I/71om5sNcHSL.jpg,308856,item_weight,10 kilogram
https://m.media-amazon.com/images/I/51iLFnog-TL.jpg,993359,item_weight,200 gram
https://m.media-amazon.com/images/I/71ZTyrP+83L.jpg,731432,item_weight,100 gram
https://m.media-amazon.com/images/I/71IXiyI6MgL.jpg,639090,item_weight,315.0 gram
https://m.media-amazon.com/images/I/71as9Ior9hL.jpg,299791,item_weight,22.0 gram
https://m.media-amazon.com/images/I/81uaGW5FXGL.jpg,523149,item_weight,4.0 gram
https://m.media-amazon.com/images/I/81flV4kwOwL.jpg,449021,item_weight,8.0 ounce
https://m.media-amazon.com/images/I/91zZGVgZh+L.jpg,881883,item_weight,NA
https://m.media-amazon.com/images/I/51PKOVajYoL.jpg,523149,item_weight,4.4 gram
https://m.media-amazon.com/images/I/71FO3i3r+US.jpg,630390,item_weight,750 gram
https://m.media-amazon.com/images/I/71r5a-F3-BS.jpg,630390,item_weight,750 gram
https://m.media-amazon.com/images/I/81mBfsyl+DL.jpg,375816,item_weight,12.3 gram
https://m.media-amazon.com/images/I/714cnffNW3L.jpg,375816,item_weight,12.3 gram
https://m.media-amazon.com/images/I/81DMfLssTwL.jpg,375816,item_weight,12.3 gram
https://m.media-amazon.com/images/I/81M9xG3reDL.jpg,375816,item_weight,12.3 gram
https://m.media-amazon.com/images/I/71BqZJVE4kL.jpg,375816,item_weight,12.3 gram
https://m.media-amazon.com/images/I/81L5qqZU1NL.jpg,375816,item_weight,NA
https://m.media-amazon.com/images/I/717z1HKi8oL.jpg,375816,item_weight,12.3 gram
https://m.media-amazon.com/images/I/71J+30S5EDL.jpg,750220,item_weight,200 gram
https://m.media-amazon.com/images/I/71A2oqx3rmL.jpg,299791,item_weight,56 gram
https://m.media-amazon.com/images/I/91-tHcMlZzL.jpg,489118,item_weight,320.0 gram
https://m.media-amazon.com/images/I/71NFYx8fBXL.jpg,489118,item_weight,320.0 gram
https://m.media-amazon.com/images/I/61vlGd51PeL.jpg,844474,item_weight,0.88 pound
https://m.media-amazon.com/images/I/61ZBhPKQ2xL.jpg,563130,item_weight,NA
https://m.media-amazon.com/images/I/616boDUl2HL.jpg,459516,item_weight,1440 milligram
https://m.media-amazon.com/images/I/61Q-ggen5XL.jpg,299791,item_weight,1.6 gram
https://m.media-amazon.com/images/I/8190fwx-OdL.jpg,281678,item_weight,NA
https://m.media-amazon.com/images/I/41CKvM8JV7L.jpg,866516,item_weight,14.0 gram
https://m.media-amazon.com/images/I/71THO4WNG-L.jpg,916768,item_weight,590.0 gram
https://m.media-amazon.com/images/I/71J-AA3BW3L.jpg,442321,item_weight,100.0 kilogram
https://m.media-amazon.com/images/I/81PcR51hbUL.jpg,589105,item_weight,NA
https://m.media-amazon.com/images/I/717XYkhGpKL.jpg,978900,item_weight,276.0 gram
https://m.media-amazon.com/images/I/61ezcEdeQcL.jpg,459516,item_weight,400.0 milligram
https://m.media-amazon.com/images/I/61gjCs2yeCL.jpg,459516,item_weight,90.0 gram
https://m.media-amazon.com/images/I/71iifNw7WkL.jpg,132401,item_weight,165.0 pound
https://m.media-amazon.com/images/I/61cNUSZr+EL.jpg,523149,item_weight,2.5 gram
https://m.media-amazon.com/images/I/41egkCDTTML.jpg,483370,item_weight,100.0 gram
https://m.media-amazon.com/images/I/6183amP6LdL.jpg,459516,item_weight,3.52 ounce
https://m.media-amazon.com/images/I/61NpoOFjk6L.jpg,459516,item_weight,100 gram
https://m.media-amazon.com/images/I/61DnguuYwbL.jpg,459516,item_weight,3.52 ounce
https://m.media-amazon.com/images/I/71khUZBj+4L.jpg,459516,item_weight,100 gram
https://m.media-amazon.com/images/I/715DgMR-hkL.jpg,226504,item_weight,10.5 kilogram
https://m.media-amazon.com/images/I/51En0fgN73L.jpg,308856,item_weight,70 gram
https://m.media-amazon.com/images/I/81CYds5q79L.jpg,308856,item_weight,70 gram
https://m.media-amazon.com/images/I/81ssfOL5b-L.jpg,308856,item_weight,70 gram
https://m.media-amazon.com/images/I/61E9-xj8ciL.jpg,993359,item_weight,3.52 ounce
https://m.media-amazon.com/images/I/617Jckaf62L.jpg,993359,item_weight,100 gram
https://m.media-amazon.com/images/I/71RjWH103nS.jpg,375816,item_weight,200 gram
https://m.media-amazon.com/images/I/51Ak7GKuiLL.jpg,375816,item_weight,200 gram
https://m.media-amazon.com/images/I/71BTB4+8bWL.jpg,529606,item_weight,NA
https://m.media-amazon.com/images/I/717izgnf0qL.jpg,529606,item_weight,NA
https://m.media-amazon.com/images/I/918PpLvmRHL.jpg,731432,item_weight,60 gram
https://m.media-amazon.com/images/I/71KQtc1rA6L.jpg,523149,item_weight,11.7 gram
https://m.media-amazon.com/images/I/71DwqzSrFCL.jpg,523149,item_weight,11.7 gram
https://m.media-amazon.com/images/I/61BmXdBPeAL.jpg,881883,item_weight,NA
https://m.media-amazon.com/images/I/61EZUdXT3vL.jpg,752266,item_weight,0.51 kilogram
https://m.media-amazon.com/images/I/611UdEWakYL.jpg,523149,item_weight,7.5 gram
https://m.media-amazon.com/images/I/71xH9zWYDXL.jpg,564709,item_weight,120.0 kilogram
https://m.media-amazon.com/images/I/81yGnWN1gpL.jpg,225091,item_weight,4.0 kilogram
https://m.media-amazon.com/images/I/71iJwszcKmL.jpg,225091,item_weight,4.0 kilogram
https://m.media-amazon.com/images/I/814zl+0TMJL.jpg,396159,item_weight,NA
https://m.media-amazon.com/images/I/71uSbcePMFL.jpg,192132,item_weight,NA
https://m.media-amazon.com/images/I/4147dGptveL.jpg,750220,item_weight,100.0 gram
https://m.media-amazon.com/images/I/81k08BRlQdL.jpg,731432,item_weight,271.0 gram
https://m.media-amazon.com/images/I/51ZPy1PgAnL.jpg,731432,item_weight,20.0 gram
https://m.media-amazon.com/images/I/81cXf6HnPWL.jpg,731432,item_weight,271.0 gram
https://m.media-amazon.com/images/I/716Gw2+1EzL.jpg,249638,item_weight,NA
https://m.media-amazon.com/images/I/71JCDu6h05S.jpg,299791,item_weight,154 pound
https://m.media-amazon.com/images/I/71oiYZsDN2L.jpg,529606,item_weight,NA
https://m.media-amazon.com/images/I/718QeeH3QyL.jpg,630869,item_weight,14.5 gram
https://m.media-amazon.com/images/I/81xiCm7XYWL.jpg,486636,item_weight,565.0 gram
https://m.media-amazon.com/images/I/71qMt6EnwlL.jpg,252782,item_weight,240.0 gram
https://m.media-amazon.com/images/I/612WwnwSEzL.jpg,731432,item_weight,300.0 milligram
https://m.media-amazon.com/images/I/61MGk3PsxcL.jpg,731432,item_weight,300.0 milligram
https://m.media-amazon.com/images/I/61e7EW6lRvL.jpg,639090,item_weight,3.5 ounce
https://m.media-amazon.com/images/I/71V3-MUsc6L.jpg,630869,item_weight,32.0 gram
https://m.media-amazon.com/images/I/71Eszh9j23L.jpg,630869,item_weight,32.0 gram